data,vendas,dia_da_semana,em_promocao,feriado_nacional
2025-08-08 22:01:44.459032,139.0,sexta-feira,False,False
2025-07-04 22:01:44.459032,133.0,sexta-feira,True,True
2024-12-25 22:01:44.459032,579.0,quarta-feira,True,False
2025-04-14 22:01:44.459032,105.0,segunda-feira,False,False
2026-03-25 22:01:44.459032,60.0,quarta-feira,True,False
2025-01-23 22:01:44.459032,190.0,quinta-feira,False,False
2024-09-17 22:01:44.459032,83.0,terca-feira,False,False
2025-02-11 22:01:44.459032,140.0,terca-feira,False,False
2024-11-25 22:01:44.459032,,segunda-feira,False,False
2025-07-18 22:01:44.459032,57.0,sexta-feira,True,False
2025-06-10 22:01:44.459032,191.0,terca-feira,False,False
2025-08-28 22:01:44.459032,162.0,quinta-feira,True,False
2026-05-02 22:01:44.459032,139.0,sabado,True,False
2024-05-30 22:01:44.459032,77.0,quinta-feira,False,False
2026-02-05 22:01:44.459032,81.0,quinta-feira,True,False
2025-12-23 22:01:44.459032,,terca-feira,True,False
2024-05-19 22:01:44.459032,168.0,domingo,True,False
2026-03-28 22:01:44.459032,87.0,sabado,True,False
2025-04-28 22:01:44.459032,108.0,segunda-feira,True,False
2025-05-23 22:01:44.459032,83.0,sexta-feira,False,False
2026-03-20 22:01:44.459032,75.0,sexta-feira,True,False
2024-07-08 22:01:44.459032,92.0,segunda-feira,False,False
2023-10-05 22:01:44.459032,,quinta-feira,True,False
2026-03-07 22:01:44.459032,,sabado,False,False
2024-05-18 22:01:44.459032,164.0,sabado,True,False
2025-12-12 22:01:44.459032,,sexta-feira,True,False
2025-07-12 22:01:44.459032,160.0,sabado,True,False
2024-12-08 22:01:44.459032,72.0,domingo,True,False
2024-01-22 22:01:44.459032,77.0,segunda-feira,False,False
2023-10-15 22:01:44.459032,,domingo,False,False
2025-06-20 22:01:44.459032,140.0,sexta-feira,True,False
2025-09-30 22:01:44.459032,117.0,terca-feira,True,False
2024-02-20 22:01:44.459032,150.0,terca-feira,False,False
2024-04-29 22:01:44.459032,148.0,segunda-feira,True,False
2025-03-17 22:01:44.459032,166.0,segunda-feira,False,False
2025-06-23 22:01:44.459032,79.0,segunda-feira,False,False
2026-04-20 22:01:44.459032,171.0,segunda-feira,False,False
2024-05-20 22:01:44.459032,71.0,segunda-feira,True,False
2025-06-01 22:01:44.459032,,domingo,False,False
2026-02-04 22:01:44.459032,63.0,quarta-feira,False,False
2025-09-09 22:01:44.459032,164.0,terca-feira,True,False
2026-04-04 22:01:44.459032,189.0,sabado,True,False
2025-11-11 22:01:44.459032,183.0,terca-feira,False,False
2025-08-31 22:01:44.459032,176.0,domingo,False,False
2024-07-09 22:01:44.459032,88.0,terca-feira,False,False
2026-01-13 22:01:44.459032,142.0,terca-feira,False,False
2024-01-19 22:01:44.459032,,sexta-feira,False,False
2024-12-29 22:01:44.459032,160.0,domingo,False,False
2024-02-11 22:01:44.459032,145.0,domingo,False,False
2024-08-30 22:01:44.459032,196.0,sexta-feira,False,False
2025-03-20 22:01:44.459032,52.0,quinta-feira,True,False
2026-05-18 22:01:44.459032,139.0,segunda-feira,False,False
2024-12-24 22:01:44.459032,58.0,terca-feira,True,False
2025-07-05 22:01:44.459032,118.0,sabado,True,False
2025-10-12 22:01:44.459032,91.0,domingo,False,False
2025-03-29 22:01:44.459032,141.0,sabado,False,False
2024-06-09 22:01:44.459032,166.0,domingo,True,False
2026-02-13 22:01:44.459032,153.0,sexta-feira,True,False
2025-08-11 22:01:44.459032,127.0,segunda-feira,True,False
2024-02-01 22:01:44.459032,76.0,quinta-feira,True,False
2024-05-11 22:01:44.459032,197.0,sabado,False,False
2026-01-17 22:01:44.459032,63.0,sabado,False,False
2026-05-17 22:01:44.459032,74.0,domingo,True,False
2026-05-24 22:01:44.459032,66.0,domingo,True,False
2026-04-12 22:01:44.459032,,domingo,True,False
2026-02-15 22:01:44.459032,88.0,domingo,False,False
2026-05-07 22:01:44.459032,104.0,quinta-feira,True,False
2024-11-14 22:01:44.459032,84.0,quinta-feira,False,False
2025-03-18 22:01:44.459032,103.0,,False,False
2026-04-24 22:01:44.459032,89.0,sexta-feira,False,False
2024-07-05 22:01:44.459032,66.0,sexta-feira,False,False
2024-05-17 22:01:44.459032,82.0,sexta-feira,True,False
2026-05-15 22:01:44.459032,,sexta-feira,True,False
2024-01-29 22:01:44.459032,141.0,segunda-feira,True,False
2024-08-02 22:01:44.459032,199.0,sexta-feira,True,True
2024-07-17 22:01:44.459032,85.0,quarta-feira,False,False
2024-09-05 22:01:44.459032,107.0,quinta-feira,False,True
2025-09-19 22:01:44.459032,168.0,sexta-feira,True,False
2025-05-27 22:01:44.459032,88.0,terca-feira,False,False
2023-10-21 22:01:44.459032,109.0,sabado,False,False
2025-06-05 22:01:44.459032,194.0,quinta-feira,False,False
2023-12-22 22:01:44.459032,84.0,sexta-feira,,False
2023-11-25 22:01:44.459032,94.0,sabado,True,True
2026-01-19 22:01:44.459032,79.0,segunda-feira,False,False
2024-01-08 22:01:44.459032,181.0,segunda-feira,False,False
2024-12-19 22:01:44.459032,68.0,quinta-feira,True,False
2026-04-08 22:01:44.459032,153.0,quarta-feira,True,False
2023-10-16 22:01:44.459032,70.0,segunda-feira,True,False
2026-01-14 22:01:44.459032,121.0,quarta-feira,True,False
2024-10-19 22:01:44.459032,145.0,sabado,False,False
2024-09-08 22:01:44.459032,111.0,domingo,True,False
2025-07-26 22:01:44.459032,171.0,,False,False
2025-02-17 22:01:44.459032,175.0,segunda-feira,True,False
2025-03-04 22:01:44.459032,110.0,terca-feira,True,False
2026-02-22 22:01:44.459032,82.0,domingo,True,False
2025-12-03 22:01:44.459032,87.0,quarta-feira,True,False
2025-03-03 22:01:44.459032,93.0,segunda-feira,False,False
2024-12-05 22:01:44.459032,61.0,quinta-feira,True,True
2023-10-07 22:01:44.459032,108.0,sabado,True,False
2023-10-17 22:01:44.459032,122.0,terca-feira,True,False
2024-04-22 22:01:44.459032,873.0,segunda-feira,True,False
2023-10-24 22:01:44.459032,139.0,terca-feira,False,False
2024-06-21 22:01:44.459032,177.0,sexta-feira,True,False
2025-06-06 22:01:44.459032,161.0,sexta-feira,,False
2024-07-22 22:01:44.459032,191.0,segunda-feira,False,False
2025-01-10 22:01:44.459032,88.0,sexta-feira,False,True
2025-01-11 22:01:44.459032,158.0,sabado,True,False
2024-11-22 22:01:44.459032,,sexta-feira,False,False
2025-01-04 22:01:44.459032,74.0,sabado,False,False
2025-08-20 22:01:44.459032,112.0,quarta-feira,False,False
2024-05-24 22:01:44.459032,57.0,sexta-feira,False,False
2023-11-16 22:01:44.459032,64.0,quinta-feira,True,False
2024-11-06 22:01:44.459032,92.0,quarta-feira,True,False
2026-03-18 22:01:44.459032,164.0,quarta-feira,True,True
2025-05-06 22:01:44.459032,55.0,terca-feira,False,False
2026-05-08 22:01:44.459032,164.0,sexta-feira,False,False
2025-09-04 22:01:44.459032,127.0,quinta-feira,True,False
2025-08-26 22:01:44.459032,50.0,terca-feira,False,False
2025-12-22 22:01:44.459032,122.0,segunda-feira,True,False
2025-03-05 22:01:44.459032,96.0,quarta-feira,False,True
2025-08-18 22:01:44.459032,143.0,segunda-feira,False,False
2025-07-13 22:01:44.459032,200.0,,False,False
2024-10-09 22:01:44.459032,149.0,quarta-feira,True,False
2025-06-19 22:01:44.459032,128.0,quinta-feira,True,False
2026-03-15 22:01:44.459032,125.0,domingo,True,False
2025-11-06 22:01:44.459032,55.0,quinta-feira,True,False
2024-09-15 22:01:44.459032,171.0,domingo,True,False
2024-09-22 22:01:44.459032,138.0,domingo,True,False
2024-05-04 22:01:44.459032,,sabado,True,False
2024-03-31 22:01:44.459032,60.0,domingo,True,False
2025-04-19 22:01:44.459032,82.0,sabado,,False
2026-02-02 22:01:44.459032,88.0,segunda-feira,True,False
2024-05-13 22:01:44.459032,185.0,segunda-feira,True,False
2026-02-16 22:01:44.459032,183.0,segunda-feira,False,False
2024-02-13 22:01:44.459032,111.0,terca-feira,False,True
2024-10-11 22:01:44.459032,150.0,sexta-feira,True,False
2024-08-26 22:01:44.459032,62.0,segunda-feira,False,False
2025-02-18 22:01:44.459032,107.0,terca-feira,False,False
2025-05-08 22:01:44.459032,182.0,quinta-feira,True,False
2025-10-17 22:01:44.459032,108.0,sexta-feira,False,False
2025-11-20 22:01:44.459032,182.0,quinta-feira,False,False
2025-12-19 22:01:44.459032,114.0,sexta-feira,True,False
2024-08-24 22:01:44.459032,,sabado,True,True
2026-01-20 22:01:44.459032,84.0,terca-feira,True,False
2023-12-18 22:01:44.459032,111.0,segunda-feira,True,False
2026-01-01 22:01:44.459032,127.0,quinta-feira,True,True
2025-02-10 22:01:44.459032,157.0,,True,False
2025-01-01 22:01:44.459032,118.0,quarta-feira,False,False
2024-09-06 22:01:44.459032,139.0,sexta-feira,True,False
2024-08-23 22:01:44.459032,104.0,sexta-feira,True,False
2024-08-20 22:01:44.459032,143.0,terca-feira,True,False
2023-12-14 22:01:44.459032,61.0,quinta-feira,False,False
2024-11-16 22:01:44.459032,139.0,sabado,True,False
2025-10-14 22:01:44.459032,55.0,terca-feira,False,False
2026-01-12 22:01:44.459032,113.0,segunda-feira,True,False
2026-02-17 22:01:44.459032,116.0,terca-feira,False,False
2026-03-19 22:01:44.459032,85.0,quinta-feira,False,False
2025-05-16 22:01:44.459032,127.0,sexta-feira,False,False
2024-10-22 22:01:44.459032,53.0,terca-feira,True,True
2026-04-18 22:01:44.459032,141.0,sabado,True,False
2025-04-27 22:01:44.459032,135.0,domingo,False,False
2025-05-19 22:01:44.459032,100.0,segunda-feira,False,False
2026-05-19 22:01:44.459032,124.0,terca-feira,True,False
2024-07-15 22:01:44.459032,184.0,segunda-feira,False,False
2025-01-07 22:01:44.459032,200.0,terca-feira,True,True
2026-05-22 22:01:44.459032,184.0,sexta-feira,True,False
2026-04-02 22:01:44.459032,95.0,quinta-feira,True,False
2023-09-14 22:01:44.459032,64.0,quinta-feira,True,False
2024-12-31 22:01:44.459032,166.0,terca-feira,True,False
2025-12-16 22:01:44.459032,62.0,terca-feira,False,False
2024-04-18 22:01:44.459032,97.0,quinta-feira,False,False
2024-11-13 22:01:44.459032,,quarta-feira,False,False
2025-12-11 22:01:44.459032,59.0,quinta-feira,False,False
2025-02-15 22:01:44.459032,,sabado,False,False
2025-07-11 22:01:44.459032,164.0,sexta-feira,False,False
2025-10-26 22:01:44.459032,143.0,domingo,True,False
2024-12-21 22:01:44.459032,189.0,sabado,False,True
2025-10-23 22:01:44.459032,119.0,quinta-feira,True,False
2024-04-10 22:01:44.459032,51.0,quarta-feira,True,False
2024-10-07 22:01:44.459032,134.0,segunda-feira,True,False
2026-03-21 22:01:44.459032,92.0,sabado,False,False
2025-06-30 22:01:44.459032,187.0,segunda-feira,False,False
2024-02-08 22:01:44.459032,100.0,quinta-feira,True,False
2024-03-22 22:01:44.459032,196.0,sexta-feira,True,False
2024-12-04 22:01:44.459032,86.0,quarta-feira,False,False
2024-09-16 22:01:44.459032,50.0,segunda-feira,False,False
2025-11-30 22:01:44.459032,139.0,domingo,True,False
2025-04-05 22:01:44.459032,194.0,sabado,False,False
2024-11-24 22:01:44.459032,163.0,domingo,True,False
2023-11-28 22:01:44.459032,120.0,terca-feira,True,False
2026-02-06 22:01:44.459032,,sexta-feira,True,False
2025-09-01 22:01:44.459032,105.0,,False,False
2026-05-29 22:01:44.459032,78.0,sexta-feira,True,False
2024-08-16 22:01:44.459032,152.0,sexta-feira,False,False
2026-01-27 22:01:44.459032,138.0,terca-feira,True,False
2024-03-14 22:01:44.459032,146.0,quinta-feira,False,False
2026-03-14 22:01:44.459032,117.0,sabado,False,False
2026-03-16 22:01:44.459032,179.0,segunda-feira,True,False
2025-09-28 22:01:44.459032,62.0,domingo,False,False
2024-07-10 22:01:44.459032,75.0,quarta-feira,True,False
2026-06-05 22:01:44.459032,154.0,sexta-feira,True,False
2025-03-11 22:01:44.459032,195.0,terca-feira,True,False
2025-02-07 22:01:44.459032,85.0,sexta-feira,True,False
2026-03-24 22:01:44.459032,197.0,terca-feira,False,False
2026-01-06 22:01:44.459032,84.0,terca-feira,False,False
2026-04-16 22:01:44.459032,176.0,quinta-feira,True,False
2025-12-07 22:01:44.459032,149.0,domingo,False,False
2025-05-30 22:01:44.459032,172.0,sexta-feira,True,False
2026-01-22 22:01:44.459032,132.0,quinta-feira,False,False
2024-01-25 22:01:44.459032,133.0,quinta-feira,False,False
2026-05-03 22:01:44.459032,159.0,domingo,False,False
2024-03-11 22:01:44.459032,147.0,segunda-feira,True,False
2025-11-24 22:01:44.459032,68.0,segunda-feira,True,False
2025-04-11 22:01:44.459032,164.0,sexta-feira,False,False
2026-03-26 22:01:44.459032,123.0,quinta-feira,False,False
2024-03-06 22:01:44.459032,194.0,quarta-feira,True,False
2023-09-29 22:01:44.459032,137.0,sexta-feira,False,False
2024-05-14 22:01:44.459032,184.0,terca-feira,False,False
2025-10-30 22:01:44.459032,144.0,quinta-feira,False,False
2023-09-16 22:01:44.459032,121.0,sabado,True,False
2024-12-23 22:01:44.459032,125.0,segunda-feira,False,True
2026-03-10 22:01:44.459032,64.0,terca-feira,True,False
2025-09-14 22:01:44.459032,156.0,domingo,True,False
2026-03-31 22:01:44.459032,96.0,terca-feira,False,False
2024-11-09 22:01:44.459032,190.0,sabado,False,False
2025-02-23 22:01:44.459032,50.0,domingo,True,False
2026-05-12 22:01:44.459032,186.0,terca-feira,False,False
2025-07-16 22:01:44.459032,167.0,quarta-feira,False,True
2025-09-20 22:01:44.459032,77.0,sabado,True,False
2025-07-28 22:01:44.459032,196.0,segunda-feira,True,False
2023-09-19 22:01:44.459032,171.0,terca-feira,False,False
2025-11-29 22:01:44.459032,50.0,sabado,True,False
2026-04-28 22:01:44.459032,50.0,terca-feira,False,False
2026-01-15 22:01:44.459032,60.0,quinta-feira,False,False
2023-10-08 22:01:44.459032,64.0,domingo,False,False
2024-03-30 22:01:44.459032,178.0,sabado,False,False
2024-08-19 22:01:44.459032,165.0,segunda-feira,False,False
2024-06-27 22:01:44.459032,153.0,quinta-feira,False,False
2023-10-03 22:01:44.459032,107.0,terca-feira,True,False
2025-10-21 22:01:44.459032,199.0,terca-feira,,False
2025-01-08 22:01:44.459032,193.0,quarta-feira,True,False
2025-06-26 22:01:44.459032,130.0,quinta-feira,False,False
2024-12-10 22:01:44.459032,154.0,terca-feira,False,False
2025-12-06 22:01:44.459032,188.0,sabado,True,False
2024-11-10 22:01:44.459032,61.0,domingo,False,False
2024-05-23 22:01:44.459032,100.0,quinta-feira,False,False
,,,,
2025-03-08 22:01:44.459032,167.0,sabado,True,False
2026-01-11 22:01:44.459032,109.0,domingo,True,False
2026-03-06 22:01:44.459032,87.0,sexta-feira,True,False
2024-11-29 22:01:44.459032,150.0,sexta-feira,True,False
2024-03-19 22:01:44.459032,197.0,terca-feira,False,False
2025-06-08 22:01:44.459032,200.0,,True,False
2025-12-13 22:01:44.459032,200.0,,False,False
2024-09-13 22:01:44.459032,178.0,sexta-feira,False,False
2025-07-25 22:01:44.459032,110.0,sexta-feira,False,False
2023-10-14 22:01:44.459032,100.0,sabado,True,False
2025-10-15 22:01:44.459032,75.0,quarta-feira,True,False
2025-06-11 22:01:44.459032,115.0,quarta-feira,True,False
2023-09-30 22:01:44.459032,87.0,sabado,True,False
2024-03-17 22:01:44.459032,142.0,domingo,False,False
2025-02-24 22:01:44.459032,,segunda-feira,False,False
2025-12-08 22:01:44.459032,126.0,segunda-feira,False,False
2025-03-28 22:01:44.459032,-49.0,sexta-feira,False,False
2025-01-31 22:01:44.459032,158.0,sexta-feira,True,False
2024-09-12 22:01:44.459032,189.0,quinta-feira,False,False
2023-11-21 22:01:44.459032,73.0,terca-feira,False,False
2023-10-18 22:01:44.459032,67.0,quarta-feira,False,False
2023-12-30 22:01:44.459032,186.0,sabado,True,False
2024-01-17 22:01:44.459032,115.0,quarta-feira,True,False
2023-09-15 22:01:44.459032,156.0,sexta-feira,True,True
2026-04-03 22:01:44.459032,156.0,sexta-feira,False,False
2025-12-05 22:01:44.459032,175.0,sexta-feira,False,False
2024-10-16 22:01:44.459032,83.0,quarta-feira,False,False
2024-06-01 22:01:44.459032,110.0,sabado,False,False
2024-04-26 22:01:44.459032,153.0,sexta-feira,True,False
2024-02-12 22:01:44.459032,162.0,,False,True
2024-07-25 22:01:44.459032,141.0,quinta-feira,True,False
2023-12-04 22:01:44.459032,188.0,segunda-feira,True,False
2024-03-25 22:01:44.459032,101.0,segunda-feira,False,False
2026-01-30 22:01:44.459032,195.0,sexta-feira,False,False
2025-03-16 22:01:44.459032,50.0,domingo,True,False
2025-08-04 22:01:44.459032,119.0,segunda-feira,False,True
2026-03-22 22:01:44.459032,76.0,domingo,False,False
2023-10-01 22:01:44.459032,179.0,domingo,True,False
2025-10-13 22:01:44.459032,150.0,segunda-feira,True,False
2025-10-10 22:01:44.459032,162.0,sexta-feira,True,False
2024-05-26 22:01:44.459032,76.0,domingo,,False
2026-05-23 22:01:44.459032,140.0,,True,False
2023-09-20 22:01:44.459032,,quarta-feira,True,False
2025-02-16 22:01:44.459032,190.0,domingo,False,False
2025-07-21 22:01:44.459032,181.0,segunda-feira,True,False
2023-12-05 22:01:44.459032,130.0,terca-feira,True,False
2025-02-05 22:01:44.459032,94.0,quarta-feira,False,False
2025-05-01 22:01:44.459032,,quinta-feira,True,False
2024-10-23 22:01:44.459032,,quarta-feira,False,False
2026-03-29 22:01:44.459032,183.0,domingo,False,False
2024-01-16 22:01:44.459032,77.0,terca-feira,True,False
2025-05-02 22:01:44.459032,148.0,sexta-feira,True,False
2025-08-29 22:01:44.459032,148.0,sexta-feira,True,False
,,,,
2024-07-11 22:01:44.459032,148.0,quinta-feira,True,False
2025-11-04 22:01:44.459032,89.0,terca-feira,False,False
2025-02-06 22:01:44.459032,181.0,quinta-feira,False,False
2025-06-25 22:01:44.459032,,quarta-feira,False,False
2024-03-08 22:01:44.459032,73.0,sexta-feira,True,False
2023-12-26 22:01:44.459032,,terca-feira,False,False
2024-01-26 22:01:44.459032,79.0,sexta-feira,True,False
2024-07-26 22:01:44.459032,147.0,sexta-feira,False,False
2025-03-10 22:01:44.459032,69.0,segunda-feira,False,False
2024-11-08 22:01:44.459032,78.0,sexta-feira,False,False
2025-12-18 22:01:44.459032,133.0,quinta-feira,True,False
2025-03-30 22:01:44.459032,139.0,domingo,,False
2023-10-23 22:01:44.459032,58.0,segunda-feira,False,False
2025-01-25 22:01:44.459032,76.0,sabado,False,False
2023-11-12 22:01:44.459032,93.0,,False,False
2025-10-11 22:01:44.459032,132.0,sabado,False,False
2026-04-14 22:01:44.459032,86.0,terca-feira,True,False
2026-01-02 22:01:44.459032,166.0,sexta-feira,False,False
2026-05-28 22:01:44.459032,137.0,quinta-feira,False,False
2024-03-02 22:01:44.459032,179.0,sabado,True,False
2023-09-27 22:01:44.459032,102.0,quarta-feira,False,False
2026-02-09 22:01:44.459032,112.0,segunda-feira,False,False
2024-03-29 22:01:44.459032,,sexta-feira,True,False
2026-06-01 22:01:44.459032,163.0,segunda-feira,False,False
2026-04-06 22:01:44.459032,153.0,segunda-feira,False,False
2025-01-02 22:01:44.459032,148.0,quinta-feira,True,False
2023-10-20 22:01:44.459032,138.0,sexta-feira,True,False
2024-11-23 22:01:44.459032,107.0,sabado,False,False
2026-04-21 22:01:44.459032,186.0,terca-feira,,True
2025-06-04 22:01:44.459032,106.0,quarta-feira,False,False
2025-07-03 22:01:44.459032,66.0,quinta-feira,False,False
2024-03-26 22:01:44.459032,177.0,terca-feira,False,False
2024-01-10 22:01:44.459032,192.0,quarta-feira,False,False
2024-01-21 22:01:44.459032,77.0,domingo,False,False
2024-01-14 22:01:44.459032,120.0,domingo,True,False
2025-03-15 22:01:44.459032,192.0,sabado,True,False
2023-12-17 22:01:44.459032,200.0,domingo,True,False
2024-05-31 22:01:44.459032,160.0,sexta-feira,True,False
2025-11-01 22:01:44.459032,186.0,sabado,True,False
2024-07-19 22:01:44.459032,114.0,sexta-feira,False,False
2026-01-05 22:01:44.459032,125.0,segunda-feira,False,False
2024-06-23 22:01:44.459032,74.0,domingo,True,False
2025-08-09 22:01:44.459032,95.0,sabado,True,False
2024-11-03 22:01:44.459032,116.0,domingo,True,False
2024-03-20 22:01:44.459032,196.0,quarta-feira,False,False
2026-06-02 22:01:44.459032,98.0,terca-feira,True,False
2024-10-29 22:01:44.459032,189.0,terca-feira,False,False
2026-05-20 22:01:44.459032,87.0,quarta-feira,False,False
2024-01-09 22:01:44.459032,200.0,terca-feira,True,False
2025-05-13 22:01:44.459032,132.0,terca-feira,True,False
2024-05-16 22:01:44.459032,177.0,quinta-feira,False,False
2025-11-23 22:01:44.459032,117.0,domingo,True,False
2025-09-25 22:01:44.459032,93.0,quinta-feira,False,False
2023-12-07 22:01:44.459032,82.0,quinta-feira,True,False
2026-04-05 22:01:44.459032,190.0,,False,False
2025-11-15 22:01:44.459032,111.0,sabado,True,False
2023-11-27 22:01:44.459032,138.0,segunda-feira,False,True
2024-10-13 22:01:44.459032,59.0,domingo,True,False
2026-01-04 22:01:44.459032,186.0,domingo,True,False
2024-01-27 22:01:44.459032,124.0,sabado,True,False
2024-12-11 22:01:44.459032,79.0,quarta-feira,False,False
2026-05-14 22:01:44.459032,166.0,quinta-feira,True,False
2024-10-31 22:01:44.459032,82.0,quinta-feira,False,False
2025-04-21 22:01:44.459032,114.0,segunda-feira,True,False
2025-04-26 22:01:44.459032,112.0,sabado,False,False
2025-02-04 22:01:44.459032,120.0,terca-feira,False,False
2025-02-01 22:01:44.459032,114.0,sabado,True,False
2024-02-17 22:01:44.459032,179.0,sabado,,False
2025-06-17 22:01:44.459032,131.0,terca-feira,False,False
2024-11-30 22:01:44.459032,148.0,sabado,True,False
2025-02-26 22:01:44.459032,162.0,quarta-feira,False,False
2024-02-19 22:01:44.459032,162.0,segunda-feira,False,False
2024-09-03 22:01:44.459032,68.0,terca-feira,False,True
2024-07-14 22:01:44.459032,109.0,domingo,True,False
2023-11-05 22:01:44.459032,51.0,domingo,False,False
2024-08-09 22:01:44.459032,103.0,sexta-feira,True,False
2025-11-27 22:01:44.459032,189.0,quinta-feira,True,True
2026-05-10 22:01:44.459032,198.0,domingo,False,False
2025-10-06 22:01:44.459032,160.0,segunda-feira,True,False
2024-01-31 22:01:44.459032,170.0,quarta-feira,False,False
2025-02-19 22:01:44.459032,197.0,quarta-feira,True,False
2024-09-14 22:01:44.459032,107.0,sabado,False,False
2025-09-03 22:01:44.459032,77.0,quarta-feira,False,False
2026-05-21 22:01:44.459032,179.0,quinta-feira,True,False
2024-03-03 22:01:44.459032,102.0,domingo,True,False
2025-06-15 22:01:44.459032,99.0,domingo,True,False
2025-05-22 22:01:44.459032,81.0,quinta-feira,True,False
2025-08-14 22:01:44.459032,75.0,quinta-feira,True,False
2025-11-05 22:01:44.459032,85.0,quarta-feira,True,False
2025-04-16 22:01:44.459032,158.0,quarta-feira,True,False
2023-10-10 22:01:44.459032,157.0,terca-feira,False,False
2024-06-04 22:01:44.459032,53.0,terca-feira,False,True
2025-04-09 22:01:44.459032,183.0,quarta-feira,True,False
2026-02-19 22:01:44.459032,,quinta-feira,,False
2024-04-25 22:01:44.459032,162.0,quinta-feira,False,True
2025-03-06 22:01:44.459032,198.0,quinta-feira,False,False
2023-10-22 22:01:44.459032,63.0,domingo,False,False
2025-07-08 22:01:44.459032,102.0,terca-feira,False,False
2024-04-11 22:01:44.459032,178.0,quinta-feira,True,False
2024-04-21 22:01:44.459032,,domingo,True,False
2024-12-09 22:01:44.459032,148.0,segunda-feira,False,False
2026-02-23 22:01:44.459032,87.0,segunda-feira,True,False
2024-06-14 22:01:44.459032,73.0,,False,False
2024-02-09 22:01:44.459032,108.0,sexta-feira,False,False
2024-05-01 22:01:44.459032,195.0,quarta-feira,True,False
2025-03-23 22:01:44.459032,123.0,domingo,True,False
2024-10-02 22:01:44.459032,78.0,quarta-feira,False,False
2025-01-24 22:01:44.459032,186.0,sexta-feira,False,False
2025-03-12 22:01:44.459032,96.0,quarta-feira,True,False
2025-03-31 22:01:44.459032,185.0,segunda-feira,True,False
2026-04-26 22:01:44.459032,60.0,domingo,True,False
2024-05-09 22:01:44.459032,70.0,quinta-feira,False,False
2024-10-03 22:01:44.459032,118.0,quinta-feira,True,False
2026-03-27 22:01:44.459032,153.0,sexta-feira,True,False
2024-09-23 22:01:44.459032,166.0,segunda-feira,False,False
2025-02-21 22:01:44.459032,176.0,sexta-feira,True,False
2023-12-20 22:01:44.459032,148.0,quarta-feira,True,False
2025-01-30 22:01:44.459032,185.0,quinta-feira,False,False
2025-12-17 22:01:44.459032,179.0,quarta-feira,False,False
2024-06-22 22:01:44.459032,67.0,sabado,False,False
2025-04-22 22:01:44.459032,195.0,terca-feira,False,False
2026-02-01 22:01:44.459032,121.0,domingo,True,False
2025-12-10 22:01:44.459032,183.0,quarta-feira,True,False
2023-09-12 22:01:44.459032,152.0,terca-feira,False,False
2025-01-12 22:01:44.459032,91.0,domingo,False,False
2025-12-14 22:01:44.459032,187.0,domingo,False,False
2024-12-02 22:01:44.459032,,segunda-feira,True,False
2024-06-28 22:01:44.459032,73.0,sexta-feira,False,False
2024-01-18 22:01:44.459032,94.0,quinta-feira,True,False
2025-07-30 22:01:44.459032,54.0,quarta-feira,True,True
2025-12-04 22:01:44.459032,86.0,quinta-feira,False,False
2024-03-13 22:01:44.459032,,quarta-feira,False,False
2024-03-04 22:01:44.459032,117.0,segunda-feira,True,False
2025-04-03 22:01:44.459032,150.0,quinta-feira,True,False
2023-12-28 22:01:44.459032,152.0,quinta-feira,False,False
2025-10-08 22:01:44.459032,160.0,quarta-feira,True,False
2023-11-29 22:01:44.459032,58.0,quarta-feira,True,False
2024-05-28 22:01:44.459032,79.0,terca-feira,False,False
2025-04-29 22:01:44.459032,76.0,terca-feira,True,False
2025-10-22 22:01:44.459032,,quarta-feira,True,False
2024-01-05 22:01:44.459032,145.0,sexta-feira,True,False
2025-01-18 22:01:44.459032,125.0,sabado,True,False
2026-03-02 22:01:44.459032,172.0,segunda-feira,False,False
2023-11-18 22:01:44.459032,131.0,sabado,True,False
2025-06-14 22:01:44.459032,87.0,sabado,False,False
2024-04-30 22:01:44.459032,142.0,terca-feira,True,False
2026-06-06 22:01:44.459032,,sabado,True,False
2026-02-03 22:01:44.459032,153.0,terca-feira,True,False
2025-03-27 22:01:44.459032,57.0,quinta-feira,True,False
2024-07-07 22:01:44.459032,186.0,domingo,False,False
2024-01-02 22:01:44.459032,91.0,terca-feira,True,False
2026-01-25 22:01:44.459032,111.0,domingo,False,False
2025-11-25 22:01:44.459032,69.0,terca-feira,True,False
2024-02-29 22:01:44.459032,196.0,quinta-feira,False,False
2024-08-14 22:01:44.459032,157.0,quarta-feira,True,False
2026-03-04 22:01:44.459032,146.0,quarta-feira,True,False
2025-02-22 22:01:44.459032,154.0,sabado,True,False
2023-10-02 22:01:44.459032,70.0,segunda-feira,False,False
2025-05-10 22:01:44.459032,52.0,sabado,False,False
2024-12-14 22:01:44.459032,111.0,sabado,False,False
2023-10-26 22:01:44.459032,179.0,quinta-feira,False,False
2024-07-18 22:01:44.459032,69.0,quinta-feira,True,False
2024-12-06 22:01:44.459032,162.0,sexta-feira,False,False
2023-12-10 22:01:44.459032,90.0,domingo,False,False
2024-11-07 22:01:44.459032,93.0,quinta-feira,False,False
2026-03-13 22:01:44.459032,96.0,sexta-feira,True,False
2025-04-25 22:01:44.459032,75.0,sexta-feira,True,False
2026-04-22 22:01:44.459032,100.0,quarta-feira,True,True
2024-04-14 22:01:44.459032,86.0,domingo,True,False
2024-07-21 22:01:44.459032,193.0,domingo,True,False
2024-05-27 22:01:44.459032,70.0,segunda-feira,False,False
2024-02-22 22:01:44.459032,130.0,quinta-feira,False,False
2023-11-09 22:01:44.459032,53.0,,False,False
2024-05-03 22:01:44.459032,159.0,,False,False
2024-12-07 22:01:44.459032,62.0,sabado,False,False
2025-01-29 22:01:44.459032,132.0,quarta-feira,False,False
2025-10-07 22:01:44.459032,83.0,terca-feira,,False
2026-02-10 22:01:44.459032,192.0,terca-feira,True,False
2025-09-24 22:01:44.459032,175.0,quarta-feira,True,False
2025-05-14 22:01:44.459032,194.0,quarta-feira,False,False
2023-12-15 22:01:44.459032,82.0,sexta-feira,True,False
2025-01-14 22:01:44.459032,171.0,terca-feira,True,False
2023-10-31 22:01:44.459032,84.0,terca-feira,True,False
2025-07-24 22:01:44.459032,142.0,quinta-feira,False,False
2024-07-12 22:01:44.459032,99.0,,True,False
2025-01-22 22:01:44.459032,56.0,quarta-feira,True,False
2024-01-23 22:01:44.459032,157.0,terca-feira,False,False
2024-12-28 22:01:44.459032,132.0,sabado,False,False
2026-04-30 22:01:44.459032,150.0,quinta-feira,False,False
2025-10-20 22:01:44.459032,,segunda-feira,True,False
2025-02-09 22:01:44.459032,68.0,domingo,True,False
2025-12-30 22:01:44.459032,118.0,terca-feira,True,False
2025-11-14 22:01:44.459032,143.0,sexta-feira,,False
2024-11-21 22:01:44.459032,154.0,quinta-feira,True,True
2025-04-30 22:01:44.459032,147.0,quarta-feira,False,False
2024-04-04 22:01:44.459032,56.0,quinta-feira,True,False
2025-08-12 22:01:44.459032,94.0,terca-feira,True,False
2025-01-17 22:01:44.459032,195.0,sexta-feira,True,False
2026-06-04 22:01:44.459032,133.0,quinta-feira,False,True
2024-03-05 22:01:44.459032,172.0,terca-feira,False,False
2025-08-27 22:01:44.459032,57.0,quarta-feira,False,False
2025-01-28 22:01:44.459032,78.0,terca-feira,False,False
2024-10-06 22:01:44.459032,193.0,domingo,False,False
2026-04-01 22:01:44.459032,139.0,,True,False
2024-05-22 22:01:44.459032,158.0,quarta-feira,False,False
2025-11-09 22:01:44.459032,,domingo,True,False
2026-03-12 22:01:44.459032,54.0,quinta-feira,True,False
2025-03-21 22:01:44.459032,193.0,sexta-feira,True,False
2024-12-16 22:01:44.459032,161.0,segunda-feira,False,False
,,,,
2026-02-07 22:01:44.459032,146.0,sabado,False,False
2025-08-16 22:01:44.459032,170.0,sabado,True,False
2024-05-10 22:01:44.459032,97.0,sexta-feira,False,False
2026-03-08 22:01:44.459032,96.0,domingo,False,False
2023-09-18 22:01:44.459032,152.0,segunda-feira,True,False
2024-06-12 22:01:44.459032,173.0,quarta-feira,True,False
2024-03-24 22:01:44.459032,145.0,domingo,False,False
2025-08-25 22:01:44.459032,85.0,segunda-feira,False,False
2025-06-29 22:01:44.459032,181.0,domingo,False,False
2025-06-16 22:01:44.459032,147.0,segunda-feira,False,False
2025-04-20 22:01:44.459032,167.0,domingo,False,False
2026-04-10 22:01:44.459032,149.0,sexta-feira,True,False
2026-04-19 22:01:44.459032,80.0,domingo,False,False
,,,,
2025-05-12 22:01:44.459032,102.0,segunda-feira,False,False
2024-09-24 22:01:44.459032,178.0,terca-feira,False,True
2026-04-27 22:01:44.459032,200.0,segunda-feira,False,False
2026-03-29 22:01:44.459032,183.0,domingo,False,False
2025-06-21 22:01:44.459032,,sabado,False,False
2025-08-02 22:01:44.459032,71.0,sabado,False,False
2024-02-24 22:01:44.459032,51.0,sabado,False,True
2024-07-29 22:01:44.459032,135.0,segunda-feira,False,True
2024-11-05 22:01:44.459032,123.0,,False,False
2024-11-11 22:01:44.459032,,segunda-feira,False,False
2026-02-26 22:01:44.459032,135.0,quinta-feira,True,False
2025-05-11 22:01:44.459032,72.0,domingo,False,False
2025-09-02 22:01:44.459032,63.0,terca-feira,False,False
2023-11-13 22:01:44.459032,63.0,segunda-feira,True,False
2026-02-12 22:01:44.459032,102.0,quinta-feira,True,False
2023-12-01 22:01:44.459032,178.0,sexta-feira,False,False
2025-10-19 22:01:44.459032,170.0,domingo,True,False
2026-05-16 22:01:44.459032,112.0,sabado,True,True
2025-03-09 22:01:44.459032,196.0,domingo,True,False
2024-08-12 22:01:44.459032,102.0,segunda-feira,False,False
2024-01-04 22:01:44.459032,112.0,quinta-feira,True,False
2024-01-06 22:01:44.459032,101.0,sabado,False,False
2024-10-21 22:01:44.459032,118.0,segunda-feira,True,False
2025-01-09 22:01:44.459032,106.0,quinta-feira,True,False
2024-08-07 22:01:44.459032,119.0,quarta-feira,False,False
2025-01-16 22:01:44.459032,124.0,quinta-feira,True,False
2026-02-28 22:01:44.459032,59.0,sabado,True,False
2025-05-24 22:01:44.459032,141.0,,True,False
2024-06-29 22:01:44.459032,163.0,sabado,True,False
2024-01-01 22:01:44.459032,139.0,segunda-feira,True,False
2024-12-27 22:01:44.459032,101.0,sexta-feira,True,False
2025-04-12 22:01:44.459032,96.0,sabado,True,False
2024-12-12 22:01:44.459032,66.0,quinta-feira,False,False
2024-08-17 22:01:44.459032,55.0,sabado,True,False
2025-03-22 22:01:44.459032,61.0,sabado,False,False
2024-03-10 22:01:44.459032,165.0,domingo,False,False
2024-05-05 22:01:44.459032,103.0,domingo,False,False
2024-02-18 22:01:44.459032,180.0,domingo,False,False
2023-10-13 22:01:44.459032,180.0,sexta-feira,False,False
2024-10-30 22:01:44.459032,173.0,quarta-feira,True,False
2023-09-23 22:01:44.459032,149.0,sabado,True,False
2024-04-17 22:01:44.459032,196.0,quarta-feira,True,False
2025-07-22 22:01:44.459032,74.0,terca-feira,False,False
2023-11-11 22:01:44.459032,195.0,sabado,False,False
2025-07-02 22:01:44.459032,123.0,quarta-feira,True,False
2024-04-12 22:01:44.459032,97.0,sexta-feira,True,False
2025-09-22 22:01:44.459032,66.0,segunda-feira,False,False
2024-12-30 22:01:44.459032,193.0,segunda-feira,False,False
2025-11-13 22:01:44.459032,,quinta-feira,False,False
2026-02-14 22:01:44.459032,153.0,sabado,False,False
2025-05-15 22:01:44.459032,134.0,quinta-feira,False,False
2023-12-08 22:01:44.459032,172.0,sexta-feira,True,False
2025-07-07 22:01:44.459032,55.0,segunda-feira,False,False
2023-11-30 22:01:44.459032,137.0,quinta-feira,True,False
2024-09-19 22:01:44.459032,175.0,quinta-feira,True,False
2024-04-28 22:01:44.459032,161.0,domingo,True,False
2024-02-06 22:01:44.459032,186.0,terca-feira,True,False
2024-05-15 22:01:44.459032,194.0,quarta-feira,True,False
2026-01-21 22:01:44.459032,54.0,quarta-feira,True,False
2025-06-27 22:01:44.459032,182.0,sexta-feira,False,False
2025-09-12 22:01:44.459032,160.0,sexta-feira,True,True
2024-02-28 22:01:44.459032,178.0,quarta-feira,False,False
2025-08-01 22:01:44.459032,110.0,sexta-feira,False,False
2024-06-30 22:01:44.459032,81.0,domingo,False,False
2024-03-07 22:01:44.459032,87.0,quinta-feira,True,False
2025-03-26 22:01:44.459032,,quarta-feira,False,False
2023-11-07 22:01:44.459032,103.0,terca-feira,True,False
2025-07-29 22:01:44.459032,70.0,terca-feira,False,False
2025-08-06 22:01:44.459032,182.0,quarta-feira,True,False
2024-11-28 22:01:44.459032,187.0,quinta-feira,False,False
2025-03-25 22:01:44.459032,151.0,terca-feira,False,False
2025-10-05 22:01:44.459032,160.0,domingo,False,False
2024-11-04 22:01:44.459032,114.0,segunda-feira,True,False
2024-09-11 22:01:44.459032,186.0,quarta-feira,True,False
2024-02-03 22:01:44.459032,165.0,sabado,True,True
2025-07-17 22:01:44.459032,193.0,quinta-feira,True,False
2026-05-11 22:01:44.459032,102.0,segunda-feira,True,False
2024-10-28 22:01:44.459032,133.0,segunda-feira,True,False
2024-07-23 22:01:44.459032,164.0,terca-feira,True,False
2023-10-30 22:01:44.459032,57.0,segunda-feira,,False
2025-01-13 22:01:44.459032,191.0,segunda-feira,True,False
2026-01-26 22:01:44.459032,181.0,segunda-feira,True,False
2024-12-03 22:01:44.459032,200.0,terca-feira,False,False
2025-09-21 22:01:44.459032,88.0,domingo,False,False
2023-11-19 22:01:44.459032,160.0,domingo,False,False
2023-12-20 22:01:44.459032,148.0,quarta-feira,True,False
2025-06-18 22:01:44.459032,79.0,quarta-feira,False,False
2026-01-18 22:01:44.459032,109.0,domingo,,False
2025-06-13 22:01:44.459032,152.0,sexta-feira,False,False
2025-05-21 22:01:44.459032,162.0,quarta-feira,True,False
2026-04-29 22:01:44.459032,95.0,quarta-feira,False,False
2023-10-29 22:01:44.459032,160.0,domingo,False,False
2025-09-26 22:01:44.459032,74.0,sexta-feira,True,False
2025-12-28 22:01:44.459032,144.0,domingo,False,False
2026-01-28 22:01:44.459032,,quarta-feira,True,False
2024-09-28 22:01:44.459032,142.0,sabado,True,False
2024-09-02 22:01:44.459032,112.0,segunda-feira,True,False
2024-11-01 22:01:44.459032,150.0,sexta-feira,True,False
2025-04-04 22:01:44.459032,90.0,sexta-feira,True,False
2024-12-15 22:01:44.459032,133.0,domingo,False,False
2024-10-25 22:01:44.459032,129.0,sexta-feira,True,False
2023-10-06 22:01:44.459032,98.0,sexta-feira,False,False
2023-10-19 22:01:44.459032,181.0,quinta-feira,False,False
2024-05-07 22:01:44.459032,82.0,terca-feira,False,False
2026-03-01 22:01:44.459032,54.0,,False,False
2025-09-18 22:01:44.459032,64.0,quinta-feira,True,False
2024-10-12 22:01:44.459032,72.0,,True,False
2025-07-20 22:01:44.459032,153.0,domingo,,False
2025-01-21 22:01:44.459032,194.0,terca-feira,False,False
2025-08-22 22:01:44.459032,110.0,sexta-feira,False,False
2023-11-14 22:01:44.459032,144.0,terca-feira,False,False
2024-04-24 22:01:44.459032,124.0,quarta-feira,False,False
2026-02-24 22:01:44.459032,146.0,terca-feira,True,False
2025-09-13 22:01:44.459032,200.0,sabado,True,False
2025-08-15 22:01:44.459032,96.0,sexta-feira,False,True
2026-02-20 22:01:44.459032,64.0,sexta-feira,True,False
2026-03-03 22:01:44.459032,123.0,terca-feira,False,False
2025-06-28 22:01:44.459032,78.0,sabado,False,False
2024-04-03 22:01:44.459032,148.0,quarta-feira,True,False
2024-03-27 22:01:44.459032,88.0,quarta-feira,False,False
2026-05-13 22:01:44.459032,106.0,quarta-feira,False,False
2024-09-30 22:01:44.459032,193.0,segunda-feira,True,False
2023-11-20 22:01:44.459032,102.0,segunda-feira,True,False
2024-12-13 22:01:44.459032,162.0,sexta-feira,True,True
2024-01-28 22:01:44.459032,177.0,domingo,,False
2024-06-02 22:01:44.459032,97.0,domingo,False,False
2024-01-30 22:01:44.459032,178.0,terca-feira,False,True
2025-02-25 22:01:44.459032,141.0,terca-feira,False,False
2026-03-30 22:01:44.459032,72.0,segunda-feira,False,False
2026-04-23 22:01:44.459032,78.0,quinta-feira,True,False
2026-04-13 22:01:44.459032,169.0,segunda-feira,False,False
2024-08-13 22:01:44.459032,109.0,terca-feira,True,False
2025-12-27 22:01:44.459032,143.0,sabado,False,False
2025-08-17 22:01:44.459032,105.0,domingo,True,False
2026-04-15 22:01:44.459032,121.0,quarta-feira,False,False
2024-10-10 22:01:44.459032,82.0,quinta-feira,True,False
2026-06-03 22:01:44.459032,130.0,quarta-feira,True,False
2024-02-15 22:01:44.459032,61.0,quinta-feira,False,False
2025-02-08 22:01:44.459032,119.0,sabado,True,False
2023-11-15 22:01:44.459032,97.0,quarta-feira,True,False
2024-06-19 22:01:44.459032,165.0,quarta-feira,True,False
2026-05-01 22:01:44.459032,198.0,sexta-feira,True,False
2024-02-25 22:01:44.459032,179.0,domingo,True,False
2023-12-11 22:01:44.459032,77.0,segunda-feira,False,False
2024-02-23 22:01:44.459032,162.0,sexta-feira,False,False
2025-07-09 22:01:44.459032,175.0,quarta-feira,False,False
2025-05-29 22:01:44.459032,52.0,quinta-feira,True,False
2025-10-09 22:01:44.459032,57.0,quinta-feira,False,False
2025-02-28 22:01:44.459032,166.0,sexta-feira,False,False
2023-09-13 22:01:44.459032,142.0,quarta-feira,False,False
2024-04-15 22:01:44.459032,58.0,segunda-feira,True,False
2026-01-03 22:01:44.459032,169.0,sabado,False,False
2023-11-10 22:01:44.459032,103.0,sexta-feira,False,True
2026-01-29 22:01:44.459032,138.0,quinta-feira,False,False
2025-03-07 22:01:44.459032,129.0,sexta-feira,True,True
2026-03-11 22:01:44.459032,185.0,quarta-feira,True,False
2024-08-05 22:01:44.459032,,segunda-feira,True,False
2023-09-21 22:01:44.459032,137.0,quinta-feira,True,False
2024-01-13 22:01:44.459032,62.0,sabado,,False
2025-05-18 22:01:44.459032,50.0,domingo,False,False
2024-04-06 22:01:44.459032,139.0,sabado,False,False
2025-03-19 22:01:44.459032,167.0,quarta-feira,True,True
2024-06-11 22:01:44.459032,148.0,terca-feira,True,False
2025-01-27 22:01:44.459032,54.0,segunda-feira,False,False
2023-10-27 22:01:44.459032,133.0,sexta-feira,False,False
2025-05-28 22:01:44.459032,167.0,quarta-feira,True,False
2025-11-03 22:01:44.459032,,segunda-feira,True,False
2026-04-25 22:01:44.459032,90.0,,True,False
2024-08-18 22:01:44.459032,158.0,domingo,False,False
2025-12-24 22:01:44.459032,58.0,quarta-feira,True,False
2025-11-28 22:01:44.459032,96.0,sexta-feira,True,False
2026-03-17 22:01:44.459032,144.0,terca-feira,True,False
2025-10-25 22:01:44.459032,53.0,sabado,True,False
2025-05-25 22:01:44.459032,144.0,domingo,False,False
2025-11-17 22:01:44.459032,185.0,segunda-feira,True,False
2023-10-28 22:01:44.459032,141.0,sabado,False,False
2024-08-03 22:01:44.459032,-66.0,sabado,False,False
2025-02-03 22:01:44.459032,194.0,segunda-feira,False,False
2024-08-01 22:01:44.459032,174.0,quinta-feira,True,False
2024-04-01 22:01:44.459032,200.0,segunda-feira,True,False
2025-07-23 22:01:44.459032,145.0,quarta-feira,False,False
2025-09-10 22:01:44.459032,56.0,quarta-feira,False,False
2023-09-17 22:01:44.459032,70.0,domingo,True,False
2024-07-03 22:01:44.459032,176.0,quarta-feira,False,False
2026-01-08 22:01:44.459032,89.0,quinta-feira,True,True
2025-03-24 22:01:44.459032,65.0,segunda-feira,,False
2023-10-04 22:01:44.459032,-24.0,quarta-feira,True,False
2025-11-26 22:01:44.459032,162.0,quarta-feira,True,False
2024-12-26 22:01:44.459032,177.0,quinta-feira,True,False
2025-08-03 22:01:44.459032,198.0,domingo,True,False
2024-06-24 22:01:44.459032,103.0,segunda-feira,False,False
2025-10-18 22:01:44.459032,158.0,sabado,True,False
2024-03-28 22:01:44.459032,131.0,quinta-feira,False,False
2024-05-29 22:01:44.459032,146.0,quarta-feira,True,False
2025-09-08 22:01:44.459032,105.0,segunda-feira,False,False
2024-02-27 22:01:44.459032,136.0,terca-feira,True,False
2026-05-27 22:01:44.459032,74.0,quarta-feira,False,False
2024-08-10 22:01:44.459032,150.0,sabado,True,False
2025-05-17 22:01:44.459032,159.0,sabado,False,False
2026-04-17 22:01:44.459032,155.0,sexta-feira,True,False
2025-12-21 22:01:44.459032,150.0,domingo,True,False
2025-04-01 22:01:44.459032,109.0,terca-feira,False,False
2024-08-15 22:01:44.459032,54.0,quinta-feira,False,False
2024-01-03 22:01:44.459032,173.0,quarta-feira,False,False
2025-03-14 22:01:44.459032,63.0,sexta-feira,False,False
2025-02-12 22:01:44.459032,,quarta-feira,True,False
2024-06-08 22:01:44.459032,95.0,sabado,False,False
2025-07-19 22:01:44.459032,181.0,sabado,True,False
2025-10-02 22:01:44.459032,,quinta-feira,False,False
2025-01-26 22:01:44.459032,171.0,domingo,False,False
2024-05-08 22:01:44.459032,191.0,quarta-feira,False,False
2024-03-18 22:01:44.459032,52.0,segunda-feira,True,False
2026-05-06 22:01:44.459032,112.0,quarta-feira,True,False
2025-08-05 22:01:44.459032,50.0,terca-feira,False,False
2024-02-04 22:01:44.459032,52.0,domingo,True,False
2025-05-04 22:01:44.459032,198.0,domingo,True,False
2025-03-03 22:01:44.459032,93.0,segunda-feira,False,False
2023-12-19 22:01:44.459032,86.0,terca-feira,False,False
2025-08-23 22:01:44.459032,130.0,sabado,True,False
2025-10-29 22:01:44.459032,143.0,quarta-feira,False,False
2024-11-17 22:01:44.459032,57.0,domingo,False,False
2026-05-31 22:01:44.459032,199.0,domingo,True,False
2023-12-31 22:01:44.459032,64.0,domingo,False,False
2024-07-30 22:01:44.459032,100.0,terca-feira,True,False
2024-10-24 22:01:44.459032,73.0,quinta-feira,False,False
2024-08-06 22:01:44.459032,98.0,terca-feira,True,False
2025-08-19 22:01:44.459032,156.0,terca-feira,False,False
2024-08-25 22:01:44.459032,193.0,domingo,True,False
2024-01-12 22:01:44.459032,85.0,sexta-feira,False,False
2025-04-06 22:01:44.459032,190.0,domingo,True,False
2023-10-25 22:01:44.459032,102.0,quarta-feira,False,False
2026-04-09 22:01:44.459032,109.0,quinta-feira,True,False
2024-06-10 22:01:44.459032,55.0,segunda-feira,True,False
2024-09-01 22:01:44.459032,169.0,domingo,True,False
,,,,
2023-12-02 22:01:44.459032,185.0,sabado,False,False
2024-09-21 22:01:44.459032,97.0,sabado,False,False
2024-05-06 22:01:44.459032,117.0,segunda-feira,False,False
2024-02-14 22:01:44.459032,101.0,quarta-feira,True,False
2025-07-27 22:01:44.459032,100.0,domingo,False,False
2025-11-07 22:01:44.459032,115.0,sexta-feira,False,False
2024-06-17 22:01:44.459032,144.0,segunda-feira,False,False
2024-04-09 22:01:44.459032,162.0,terca-feira,True,False
2024-01-11 22:01:44.459032,78.0,quinta-feira,False,False
2025-09-11 22:01:44.459032,52.0,quinta-feira,True,False
2024-02-07 22:01:44.459032,111.0,quarta-feira,True,False
2023-11-01 22:01:44.459032,130.0,quarta-feira,True,False
2023-11-26 22:01:44.459032,114.0,domingo,False,False
2026-01-23 22:01:44.459032,172.0,sexta-feira,,False
2023-09-24 22:01:44.459032,153.0,domingo,False,False
2026-01-31 22:01:44.459032,89.0,sabado,True,False
2024-03-15 22:01:44.459032,173.0,sexta-feira,False,False
2025-11-16 22:01:44.459032,583.0,domingo,False,False
2025-08-21 22:01:44.459032,,quinta-feira,False,True
2025-08-10 22:01:44.459032,83.0,domingo,False,False
2025-08-07 22:01:44.459032,61.0,quinta-feira,True,False
2024-07-16 22:01:44.459032,106.0,terca-feira,True,False
2025-06-07 22:01:44.459032,96.0,sabado,False,False
2023-11-23 22:01:44.459032,90.0,quinta-feira,False,False
2025-06-09 22:01:44.459032,134.0,segunda-feira,True,True
2025-05-07 22:01:44.459032,144.0,,True,False
2026-02-21 22:01:44.459032,160.0,sabado,False,False
2025-03-02 22:01:44.459032,107.0,domingo,True,False
2024-12-22 22:01:44.459032,196.0,domingo,False,False
2026-03-05 22:01:44.459032,167.0,quinta-feira,False,False
2024-05-12 22:01:44.459032,177.0,domingo,True,False
2024-10-05 22:01:44.459032,143.0,sabado,False,False
2025-12-02 22:01:44.459032,113.0,terca-feira,False,False
2024-09-27 22:01:44.459032,71.0,sexta-feira,False,False
2023-12-27 22:01:44.459032,191.0,quarta-feira,True,False
2025-07-01 22:01:44.459032,194.0,terca-feira,True,False
2025-04-23 22:01:44.459032,60.0,quarta-feira,True,False
2025-04-24 22:01:44.459032,134.0,quinta-feira,True,True
2026-03-23 22:01:44.459032,118.0,segunda-feira,False,False
2025-01-05 22:01:44.459032,172.0,domingo,False,False
2024-01-07 22:01:44.459032,145.0,domingo,True,False
2025-09-15 22:01:44.459032,67.0,segunda-feira,False,False
2024-10-27 22:01:44.459032,177.0,domingo,True,False
2024-04-23 22:01:44.459032,864.0,terca-feira,False,False
2023-12-03 22:01:44.459032,112.0,domingo,False,False
2024-11-20 22:01:44.459032,164.0,quarta-feira,True,True
2025-11-19 22:01:44.459032,93.0,quarta-feira,False,False
2024-08-29 22:01:44.459032,,quinta-feira,,False
2025-12-15 22:01:44.459032,179.0,segunda-feira,False,False
2025-02-02 22:01:44.459032,135.0,domingo,False,False
2025-10-24 22:01:44.459032,161.0,sexta-feira,False,False
2023-12-16 22:01:44.459032,97.0,sabado,True,False
2025-11-02 22:01:44.459032,180.0,domingo,True,True
2024-02-21 22:01:44.459032,162.0,quarta-feira,False,False
2025-01-03 22:01:44.459032,189.0,sexta-feira,True,False
2025-11-21 22:01:44.459032,119.0,sexta-feira,False,False
2024-03-09 22:01:44.459032,,sabado,False,False
2026-02-27 22:01:44.459032,115.0,sexta-feira,True,False
2025-11-08 22:01:44.459032,124.0,sabado,True,False
2025-11-22 22:01:44.459032,167.0,sabado,False,False
2024-01-20 22:01:44.459032,183.0,sabado,True,False
2026-05-04 22:01:44.459032,106.0,segunda-feira,False,False
2024-06-06 22:01:44.459032,98.0,quinta-feira,True,False
2025-11-18 22:01:44.459032,75.0,terca-feira,True,False
2025-10-27 22:01:44.459032,124.0,segunda-feira,False,False
,,,,
2024-07-20 22:01:44.459032,57.0,sabado,False,False
2025-09-27 22:01:44.459032,194.0,sabado,True,False
2024-05-02 22:01:44.459032,177.0,quinta-feira,False,False
2023-12-06 22:01:44.459032,185.0,,False,False
2024-06-25 22:01:44.459032,,terca-feira,False,False
2024-09-04 22:01:44.459032,141.0,quarta-feira,True,False
2023-10-11 22:01:44.459032,104.0,quarta-feira,False,False
2025-04-17 22:01:44.459032,54.0,quinta-feira,False,False
2025-05-05 22:01:44.459032,104.0,segunda-feira,False,False
2026-01-24 22:01:44.459032,127.0,sabado,True,False
2024-12-20 22:01:44.459032,149.0,sexta-feira,False,False
2025-04-07 22:01:44.459032,95.0,segunda-feira,True,False
2025-04-02 22:01:44.459032,77.0,quarta-feira,True,False
2024-06-15 22:01:44.459032,142.0,sabado,True,False
2025-02-20 22:01:44.459032,110.0,quinta-feira,True,False
2025-07-15 22:01:44.459032,144.0,terca-feira,False,False
2024-04-20 22:01:44.459032,197.0,sabado,True,False
2024-04-16 22:01:44.459032,148.0,terca-feira,True,False
2024-11-26 22:01:44.459032,169.0,terca-feira,False,False
2024-11-19 22:01:44.459032,139.0,,True,False
2025-12-01 22:01:44.459032,191.0,segunda-feira,False,False
2024-02-26 22:01:44.459032,103.0,segunda-feira,False,False
2024-07-24 22:01:44.459032,192.0,quarta-feira,False,False
2023-12-29 22:01:44.459032,76.0,sexta-feira,False,False
2026-04-07 22:01:44.459032,160.0,terca-feira,True,False
2025-11-10 22:01:44.459032,128.0,segunda-feira,True,False
2023-12-12 22:01:44.459032,184.0,,False,True
2024-09-26 22:01:44.459032,118.0,quinta-feira,False,False
2026-02-18 22:01:44.459032,184.0,quarta-feira,True,False
2024-10-08 22:01:44.459032,88.0,terca-feira,False,False
2025-10-01 22:01:44.459032,187.0,quarta-feira,False,False
2025-12-25 22:01:44.459032,192.0,quinta-feira,False,False
2024-08-08 22:01:44.459032,64.0,quinta-feira,True,False
2023-11-06 22:01:44.459032,183.0,segunda-feira,False,False
2023-12-21 22:01:44.459032,153.0,quinta-feira,True,False
2025-12-09 22:01:44.459032,52.0,terca-feira,False,True
2025-09-05 22:01:44.459032,179.0,sexta-feira,True,False
2024-12-17 22:01:44.459032,135.0,terca-feira,False,False
2024-07-06 22:01:44.459032,153.0,sabado,False,False
2025-10-04 22:01:44.459032,195.0,sabado,False,False
2023-11-17 22:01:44.459032,,sexta-feira,False,False
2025-06-03 22:01:44.459032,182.0,terca-feira,True,True
2025-03-13 22:01:44.459032,98.0,quinta-feira,True,True
2024-02-16 22:01:44.459032,88.0,sexta-feira,False,False
2025-07-10 22:01:44.459032,92.0,quinta-feira,False,True
2024-07-02 22:01:44.459032,200.0,terca-feira,False,False
2024-05-21 22:01:44.459032,87.0,terca-feira,False,False
2025-01-19 22:01:44.459032,58.0,domingo,False,False
2025-02-14 22:01:44.459032,88.0,sexta-feira,True,False
2024-06-03 22:01:44.459032,196.0,segunda-feira,True,False
2023-12-25 22:01:44.459032,50.0,segunda-feira,True,False
2023-11-08 22:01:44.459032,155.0,quarta-feira,False,False
2024-01-24 22:01:44.459032,93.0,quarta-feira,True,False
2023-10-12 22:01:44.459032,113.0,quinta-feira,False,False
2024-08-11 22:01:44.459032,57.0,domingo,True,False
2024-06-13 22:01:44.459032,86.0,quinta-feira,True,False
2023-11-04 22:01:44.459032,181.0,sabado,False,False
2025-12-31 22:01:44.459032,111.0,quarta-feira,False,False
2024-09-20 22:01:44.459032,167.0,sexta-feira,False,False
2023-11-03 22:01:44.459032,153.0,sexta-feira,True,False
2024-04-02 22:01:44.459032,91.0,,False,False
2023-12-24 22:01:44.459032,180.0,domingo,False,False
2025-04-15 22:01:44.459032,79.0,terca-feira,True,False
2025-10-03 22:01:44.459032,158.0,sexta-feira,True,False
2025-09-23 22:01:44.459032,135.0,terca-feira,True,False
2024-07-01 22:01:44.459032,135.0,segunda-feira,False,False
2024-11-15 22:01:44.459032,130.0,sexta-feira,True,False
2024-04-08 22:01:44.459032,109.0,segunda-feira,True,False
2025-10-16 22:01:44.459032,113.0,quinta-feira,False,False
,,,,
2025-12-20 22:01:44.459032,112.0,sabado,False,True
2025-06-22 22:01:44.459032,128.0,domingo,True,False
2024-11-12 22:01:44.459032,95.0,terca-feira,False,False
2024-08-27 22:01:44.459032,791.0,terca-feira,False,False
2023-09-28 22:01:44.459032,51.0,quinta-feira,False,False
2025-04-10 22:01:44.459032,,quinta-feira,False,False
2023-10-09 22:01:44.459032,100.0,segunda-feira,False,False
2025-06-12 22:01:44.459032,124.0,quinta-feira,False,False
2023-11-02 22:01:44.459032,99.0,quinta-feira,True,False
2025-04-18 22:01:44.459032,168.0,sexta-feira,False,False
2024-10-26 22:01:44.459032,51.0,sabado,False,True
2024-07-04 22:01:44.459032,179.0,quinta-feira,False,False
2025-10-28 22:01:44.459032,111.0,terca-feira,True,False
2023-09-26 22:01:44.459032,199.0,terca-feira,True,False
2025-09-06 22:01:44.459032,158.0,sabado,True,False
2024-03-16 22:01:44.459032,119.0,sabado,True,False
2026-06-07 22:01:44.459032,167.0,domingo,True,False
2025-05-03 22:01:44.459032,178.0,sabado,False,False
2025-09-29 22:01:44.459032,74.0,segunda-feira,False,False
2025-07-06 22:01:44.459032,83.0,domingo,True,False
2024-10-18 22:01:44.459032,196.0,sexta-feira,False,False
2024-09-25 22:01:44.459032,65.0,,False,False
2024-03-23 22:01:44.459032,197.0,sabado,,False
2025-10-31 22:01:44.459032,104.0,sexta-feira,False,False
2025-08-30 22:01:44.459032,96.0,sabado,False,False
2026-02-11 22:01:44.459032,194.0,quarta-feira,True,False
2025-07-14 22:01:44.459032,129.0,segunda-feira,True,False
2024-03-21 22:01:44.459032,139.0,quinta-feira,True,True
2024-04-13 22:01:44.459032,189.0,sabado,False,False
2023-12-23 22:01:44.459032,150.0,sabado,True,False
2026-01-07 22:01:44.459032,50.0,quarta-feira,False,False
2026-05-05 22:01:44.459032,50.0,terca-feira,True,False
2026-02-08 22:01:44.459032,72.0,domingo,False,False
2025-09-17 22:01:44.459032,164.0,quarta-feira,False,False
2025-09-16 22:01:44.459032,87.0,terca-feira,True,False
,,,,
2024-09-29 22:01:44.459032,125.0,domingo,True,False
2024-07-31 22:01:44.459032,112.0,quarta-feira,True,False
2024-07-28 22:01:44.459032,81.0,domingo,False,False
2023-12-13 22:01:44.459032,121.0,quarta-feira,False,False
2024-09-07 22:01:44.459032,166.0,,True,False
2024-09-18 22:01:44.459032,145.0,quarta-feira,True,False
2024-12-01 22:01:44.459032,85.0,domingo,False,False
2026-03-09 22:01:44.459032,158.0,segunda-feira,True,False
2025-04-13 22:01:44.459032,59.0,domingo,True,False
2025-02-27 22:01:44.459032,105.0,quinta-feira,True,False
2024-08-04 22:01:44.459032,,domingo,True,False
2025-01-20 22:01:44.459032,123.0,segunda-feira,True,False
2025-09-07 22:01:44.459032,63.0,domingo,True,True
2026-05-30 22:01:44.459032,112.0,sabado,True,False
2023-11-24 22:01:44.459032,64.0,sexta-feira,False,False
2024-06-20 22:01:44.459032,116.0,quinta-feira,True,False
2026-02-25 22:01:44.459032,82.0,quarta-feira,False,False
2024-11-02 22:01:44.459032,61.0,sabado,False,False
2023-11-22 22:01:44.459032,173.0,quarta-feira,True,False
2026-01-09 22:01:44.459032,113.0,sexta-feira,True,False
2024-10-14 22:01:44.459032,118.0,segunda-feira,False,False
2024-03-12 22:01:44.459032,188.0,terca-feira,True,False
2025-05-26 22:01:44.459032,121.0,segunda-feira,False,False
2024-02-10 22:01:44.459032,167.0,sabado,False,True
2024-04-19 22:01:44.459032,180.0,sexta-feira,False,False
2024-06-07 22:01:44.459032,66.0,sexta-feira,False,False
2024-12-18 22:01:44.459032,190.0,quarta-feira,False,False
2024-03-01 22:01:44.459032,175.0,,False,False
2026-04-11 22:01:44.459032,117.0,sabado,False,False
2026-01-16 22:01:44.459032,154.0,sexta-feira,False,False
2024-04-05 22:01:44.459032,193.0,sexta-feira,True,False
2024-10-15 22:01:44.459032,149.0,terca-feira,True,False
2024-08-21 22:01:44.459032,96.0,quarta-feira,False,False
2025-08-09 22:01:44.459032,95.0,sabado,True,False
2024-08-22 22:01:44.459032,148.0,quinta-feira,False,False
2026-05-25 22:01:44.459032,177.0,segunda-feira,True,True
2026-05-26 22:01:44.459032,157.0,terca-feira,False,False
2024-10-01 22:01:44.459032,135.0,terca-feira,False,False
2024-06-26 22:01:44.459032,116.0,quarta-feira,True,True
2024-02-02 22:01:44.459032,170.0,sexta-feira,True,False
2024-11-18 22:01:44.459032,142.0,segunda-feira,True,False
,,,,
2025-06-02 22:01:44.459032,103.0,segunda-feira,False,False
2025-02-13 22:01:44.459032,68.0,quinta-feira,False,False
2024-06-16 22:01:44.459032,95.0,domingo,True,False
2024-02-05 22:01:44.459032,152.0,segunda-feira,False,False
2025-01-06 22:01:44.459032,102.0,segunda-feira,True,False
2025-05-20 22:01:44.459032,53.0,terca-feira,False,False
2024-10-04 22:01:44.459032,96.0,sexta-feira,False,False
2025-12-26 22:01:44.459032,87.0,sexta-feira,False,False
2025-12-29 22:01:44.459032,98.0,segunda-feira,True,False
2024-11-27 22:01:44.459032,70.0,quarta-feira,True,False
2024-06-18 22:01:44.459032,148.0,terca-feira,False,False
2024-04-07 22:01:44.459032,161.0,domingo,True,False
2024-05-25 22:01:44.459032,76.0,sabado,True,False
2023-09-25 22:01:44.459032,180.0,,False,False
2025-07-31 22:01:44.459032,141.0,quinta-feira,False,True
2024-08-28 22:01:44.459032,173.0,quarta-feira,False,False
2025-05-31 22:01:44.459032,99.0,sabado,False,False
2024-08-31 22:01:44.459032,194.0,sabado,False,False
2023-12-09 22:01:44.459032,54.0,sabado,False,False
2025-02-03 22:01:44.459032,194.0,segunda-feira,False,False
,,,,
2024-07-13 22:01:44.459032,62.0,sabado,True,False
2024-01-15 22:01:44.459032,135.0,segunda-feira,False,False
2025-08-24 22:01:44.459032,75.0,domingo,True,False
2024-07-27 22:01:44.459032,115.0,sabado,True,False
2023-09-22 22:01:44.459032,166.0,sexta-feira,False,False
2025-11-12 22:01:44.459032,,quarta-feira,True,False
2024-10-20 22:01:44.459032,50.0,domingo,True,False
2024-06-05 22:01:44.459032,84.0,quarta-feira,False,False
2025-03-01 22:01:44.459032,183.0,sabado,True,False
2026-01-10 22:01:44.459032,199.0,sabado,False,False
2025-04-08 22:01:44.459032,84.0,terca-feira,True,False
2024-04-27 22:01:44.459032,133.0,sabado,False,False
2025-01-15 22:01:44.459032,182.0,quarta-feira,True,False
2025-05-09 22:01:44.459032,151.0,sexta-feira,True,False
2024-10-17 22:01:44.459032,187.0,quinta-feira,True,False
2025-08-13 22:01:44.459032,122.0,quarta-feira,False,False
2025-06-24 22:01:44.459032,155.0,terca-feira,False,False
2026-05-09 22:01:44.459032,192.0,sabado,False,False
2024-09-09 22:01:44.459032,72.0,segunda-feira,True,False
2024-09-10 22:01:44.459032,,terca-feira,False,False
